team1_avg_goals,team2_avg_goals,team1_win_rate,team2_win_rate,head_to_head_team1_wins,head_to_head_team2_wins,home_wins,away_wins,home_losses,away_losses,home_matches,away_matches,home_advantage,away_advantage,home_draws,away_draws,home_goals_conceded,away_goals_conceded,home_goals_scored,away_goals_scored,home_goal_diff,away_goal_diff,stage_importance,venue_advantage,outcome
0.0,0.0,0.0,0.0,0,1,0,0,0,0,0,0,0.0,0.0,0,0,0,0,0,0,0,0,0.5,1.0,2
0.0,0.0,0.0,0.0,2,0,0,0,0,0,0,0,0.0,0.0,0,0,0,0,0,0,0,0,0.5,1.0,1
0.0,0.0,0.0,0.0,1,0,0,0,0,0,0,0,0.0,0.0,0,0,0,0,0,0,0,0,0.5,1.0,1
0.0,0.0,0.0,0.0,1,0,0,0,0,0,0,0,0.0,0.0,0,0,0,0,0,0,0,0,0.5,1.0,1
0.0,0.0,0.0,0.0,1,0,0,0,0,0,0,0,0.0,0.0,0,0,0,0,0,0,0,0,0.5,1.0,1
0.0,0.0,0.0,0.0,0,1,0,0,0,0,0,0,0.0,0.0,0,0,0,0,0,0,0,0,0.5,1.0,2
0.0,0.0,0.0,0.0,0,0,0,0,0,0,0,0,0.0,0.0,0,0,0,0,0,0,0,0,0.5,1.0,0
0.0,0.0,0.0,0.0,1,0,0,0,0,0,0,0,0.0,0.0,0,0,0,0,0,0,0,0,0.5,1.0,1
0.0,0.0,0.0,0.0,0,0,0,0,0,0,0,0,0.0,0.0,0,0,0,0,0,0,0,0,0.5,1.0,0
0.0,0.0,0.0,0.0,1,0,0,0,0,0,0,0,0.0,0.0,0,0,0,0,0,0,0,0,0.5,1.0,1
0.0,0.0,0.0,0.0,0,1,0,0,0,0,0,0,0.0,0.0,0,0,0,0,0,0,0,0,0.5,1.0,2
0.0,0.0,0.0,0.0,1,0,0,0,0,0,0,0,0.0,0.0,0,0,0,0,0,0,0,0,0.5,1.0,1
0.0,0.0,0.0,0.0,0,1,0,0,0,0,0,0,0.0,0.0,0,0,0,0,0,0,0,0,0.5,1.0,2
0.0,0.0,0.0,0.0,0,1,0,0,0,0,0,0,0.0,0.0,0,0,0,0,0,0,0,0,0.5,1.0,2
0.0,0.0,0.0,0.0,1,0,0,0,0,0,0,0,0.0,0.0,0,0,0,0,0,0,0,0,0.5,1.0,1
0.0,0.0,0.0,0.0,1,0,0,0,0,0,0,0,0.0,0.0,0,0,0,0,0,0,0,0,0.5,1.0,1
0.0,0.0,0.0,0.0,0,0,0,0,0,0,0,0,0.0,0.0,0,0,0,0,0,0,0,0,0.5,1.0,0
0.0,0.0,0.0,0.0,1,0,0,0,0,0,0,0,0.0,0.0,0,0,0,0,0,0,0,0,0.5,1.0,1
1.0,3.0,0.0,1.0,0,0,0,1,1,0,1,1,-1.0,1.0,0,0,3,0,1,3,-2,3,0.5,1.0,0
0.0,2.0,0.0,1.0,0,1,0,1,1,0,1,1,-1.0,1.0,0,0,3,1,0,2,-3,1,0.5,1.0,2
1.0,0.0,0.0,0.0,0,1,0,0,1,0,1,1,-1.0,0.0,0,1,5,0,1,0,-4,0,0.5,1.0,2
3.0,5.0,1.0,1.0,1,0,1,1,0,0,1,1,1.0,1.0,0,0,0,1,3,5,3,4,0.5,1.0,1
1.0,0.0,0.0,0.0,1,0,0,0,1,1,1,1,-1.0,-1.0,0,0,2,3,1,0,-1,-3,0.5,1.0,1
0.0,1.0,0.0,0.0,1,0,0,0,0,1,1,1,0.0,-1.0,1,0,0,2,0,1,0,-1,0.5,1.0,1
4.0,1.0,1.0,0.0,1,0,1,0,0,1,1,1,1.0,-1.0,0,0,0,3,4,1,4,-2,0.5,1.0,1
0.0,1.0,0.0,1.0,1,1,0,1,0,0,1,1,0.0,1.0,1,0,0,0,0,1,0,1,0.5,1.0,1
1.0,2.0,0.0,1.0,0,0,0,1,1,0,1,1,-1.0,1.0,0,0,3,0,1,2,-2,2,0.5,1.0,0
0.0,0.0,0.0,0.0,0,1,0,0,1,1,1,1,-1.0,-1.0,0,0,1,4,0,0,-1,-4,0.5,1.0,2
0.0,0.0,0.0,0.0,0,1,0,0,0,0,1,1,0.0,0.0,1,1,0,0,0,0,0,0,0.5,1.0,2
3.0,9.0,1.0,1.0,1,0,1,1,0,0,1,1,1.0,1.0,0,0,0,2,3,9,3,7,0.5,1.0,1
1.0,0.0,0.0,0.0,0,1,0,0,1,1,1,1,-1.0,-1.0,0,0,2,3,1,0,-1,-3,0.5,1.0,2
3.0,0.0,1.0,0.0,1,0,1,0,0,0,1,1,1.0,0.0,0,1,1,0,3,0,2,0,0.5,1.0,1
1.0,3.0,0.0,1.0,0,1,0,1,1,0,1,1,-1.0,1.0,0,0,2,1,1,3,-1,2,0.5,1.0,2
2.0,2.0,1.0,1.0,1,0,1,1,0,0,1,1,1.0,1.0,0,0,1,1,2,2,1,1,0.5,1.0,1
2.0,2.0,0.0,1.0,0,0,0,1,1,0,1,1,-1.0,1.0,0,0,9,1,2,2,-7,1,0.5,1.0,0
0.0,3.0,0.0,1.0,1,0,0,1,1,0,1,1,-1.0,1.0,0,0,2,1,0,3,-2,2,0.5,1.0,1
2.0,0.5,0.5,0.0,1,0,1,0,0,2,2,2,0.5,-1.0,1,0,3,6,4,1,1,-5,0.5,1.0,1
0.5,0.5,0.0,0.5,1,0,0,1,2,1,2,2,-1.0,0.0,0,0,4,3,1,1,-3,-2,0.5,1.0,1
2.0,0.0,1.0,0.0,1,0,2,0,0,1,2,2,1.0,-0.5,0,1,0,2,4,0,4,-2,0.5,1.0,1
1.0,0.5,0.0,0.0,1,0,0,0,2,2,2,2,-1.0,-1.0,0,0,4,9,2,1,-2,-8,0.5,1.0,1
0.5,1.5,0.0,0.5,0,1,0,1,2,0,2,2,-1.0,0.5,0,1,3,1,1,3,-2,2,0.5,1.0,2
0.5,1.0,0.5,0.0,0,0,1,0,1,1,2,2,0.0,-0.5,0,1,2,4,1,2,-1,-2,0.5,1.0,0
1.5,5.0,0.5,1.0,1,1,1,2,1,0,2,2,0.0,1.0,0,0,2,1,3,10,1,9,0.5,1.0,1
1.0,0.0,0.5,0.0,1,0,1,0,0,1,2,2,0.5,-0.5,1,1,0,3,2,0,2,-3,0.5,1.0,1
3.0,1.0,1.0,0.0,0,1,2,0,0,1,2,2,1.0,-0.5,0,1,3,4,6,2,3,-2,0.5,1.0,2
3.0,2.5,1.0,1.0,0,0,2,2,0,0,2,2,1.0,1.0,0,0,1,0,6,5,5,5,0.5,1.0,0
1.5,3.0,0.5,0.5,0,0,1,1,0,1,2,2,0.5,0.0,1,0,0,8,3,6,3,-2,0.5,1.0,0
0.0,2.0,0.0,0.5,0,1,0,1,2,0,2,2,-1.0,0.5,0,1,8,0,0,4,-8,4,0.5,1.0,2
3.0,4.5,0.5,0.5,1,0,1,1,1,1,2,2,0.0,0.0,0,0,2,3,6,9,4,6,0.5,1.0,1
2.0,2.0,0.5,0.5,1,0,1,1,0,0,2,2,0.5,0.5,1,1,0,1,4,4,4,3,0.5,1.0,1
1.5,2.5,0.0,1.0,0,1,0,2,2,0,2,2,-1.0,1.0,0,0,5,1,3,5,-2,4,0.5,1.0,2
1.0,0.5,0.5,0.5,0,1,1,1,1,1,2,2,0.0,0.0,0,0,5,2,2,1,-3,-1,0.5,1.0,2
3.0,1.5,1.0,0.5,0,1,2,1,0,1,2,2,1.0,0.0,0,0,1,6,6,3,5,-3,0.5,1.0,2
0.0,2.0,0.0,0.0,0,1,0,0,2,1,2,2,-1.0,-0.5,0,1,7,11,0,4,-7,-7,0.5,1.0,2
0.3333333333333333,2.0,0.0,0.3333333333333333,0,1,0,1,3,1,3,3,-1.0,0.0,0,1,11,11,1,6,-10,-5,0.5,1.0,2
1.0,1.3333333333333333,0.0,0.3333333333333333,1,0,0,1,1,2,3,3,-0.3333333333333333,-0.3333333333333333,2,0,5,4,3,4,-2,0,0.5,1.0,1
1.6666666666666667,3.0,0.6666666666666666,0.6666666666666666,1,0,2,2,0,0,3,3,0.6666666666666666,0.6666666666666666,1,1,1,0,5,9,4,9,0.5,1.0,1
0.0,3.0,0.0,0.6666666666666666,0,1,0,2,2,0,3,3,-0.6666666666666666,0.6666666666666666,1,1,4,4,0,9,-4,5,0.5,1.0,2
4.0,0.3333333333333333,0.6666666666666666,0.0,1,0,2,0,1,3,3,3,0.3333333333333333,-1.0,0,0,6,5,12,1,6,-4,0.5,1.0,1
2.0,2.0,1.0,0.6666666666666666,1,0,3,2,0,0,3,3,1.0,0.6666666666666666,0,1,1,1,6,6,5,5,0.5,1.0,1
2.6666666666666665,1.3333333333333333,0.6666666666666666,0.3333333333333333,0,1,2,1,1,2,3,3,0.3333333333333333,-0.3333333333333333,0,0,4,5,8,4,4,-1,0.5,1.0,2
2.0,1.0,0.3333333333333333,0.0,1,0,1,0,1,3,3,3,0.0,-1.0,1,0,8,6,6,3,-2,-3,0.5,1.0,1
1.3333333333333333,2.0,0.6666666666666666,0.6666666666666666,0,0,2,2,1,1,3,3,0.3333333333333333,0.3333333333333333,0,0,3,4,4,6,1,2,0.5,1.0,0
0.6666666666666666,2.0,0.3333333333333333,1.0,1,1,1,3,2,0,3,3,-0.3333333333333333,1.0,0,0,6,0,2,6,-4,6,0.5,1.0,1
0.0,0.0,0.0,0.0,1,0,0,0,2,3,3,3,-0.6666666666666666,-1.0,1,0,4,9,0,0,-4,-9,0.5,1.0,1
1.3333333333333333,2.3333333333333335,0.3333333333333333,0.6666666666666666,0,1,1,2,1,0,3,3,0.0,0.6666666666666666,1,1,6,2,4,7,-2,5,0.5,1.0,2
1.0,1.0,0.3333333333333333,0.3333333333333333,0,1,1,1,1,0,3,3,0.0,0.3333333333333333,1,2,4,0,3,3,-1,3,0.5,1.0,2
1.6666666666666667,1.0,0.6666666666666666,0.6666666666666666,1,0,2,2,0,0,3,3,0.6666666666666666,0.6666666666666666,1,1,0,0,5,3,5,3,0.5,1.0,1
0.6666666666666666,1.0,0.3333333333333333,0.3333333333333333,0,1,1,1,1,2,3,3,0.0,-0.3333333333333333,1,0,3,8,2,3,-1,-5,0.5,1.0,2
2.0,0.0,0.6666666666666666,0.0,0,1,2,0,1,3,3,3,0.3333333333333333,-1.0,0,0,7,9,6,0,-1,-9,0.5,1.0,2
0.6666666666666666,3.3333333333333335,0.0,0.6666666666666666,0,1,0,2,3,1,3,3,-1.0,0.3333333333333333,0,0,11,3,2,10,-9,7,0.5,1.0,2
3.3333333333333335,2.3333333333333335,0.3333333333333333,0.6666666666666666,1,0,1,2,2,1,3,3,-0.3333333333333333,0.3333333333333333,0,0,7,4,10,7,3,3,0.5,1.0,1
0.5,1.75,0.0,0.5,0,1,0,2,4,2,4,4,-1.0,0.0,0,0,15,6,2,7,-13,1,0.5,1.0,2
1.25,1.25,0.25,0.5,0,1,1,2,2,2,4,4,-0.25,0.0,1,0,8,9,5,5,-3,-4,0.5,1.0,2
2.25,0.75,0.75,0.5,0,1,3,2,0,1,4,4,0.75,0.25,1,1,2,1,9,3,7,2,0.5,1.0,2
0.25,1.25,0.0,0.5,0,1,0,2,4,0,4,4,-1.0,0.5,0,2,11,0,1,5,-10,5,0.5,1.0,2
2.75,0.75,0.5,0.25,1,0,2,1,2,2,4,4,0.0,-0.25,0,1,7,5,11,3,4,-2,0.5,1.0,1
3.75,2.25,0.75,0.75,1,0,3,3,1,0,4,4,0.5,0.75,0,1,5,3,15,9,10,6,0.5,1.0,1
1.5,1.0,0.75,0.0,1,0,3,0,0,4,4,4,0.75,-1.0,1,0,0,9,6,4,6,-5,0.5,1.0,1
2.5,1.75,0.5,0.5,0,0,2,2,1,2,4,4,0.25,0.0,1,0,4,10,10,7,6,-3,0.5,1.0,0
1.5,0.75,0.5,0.25,1,0,2,1,1,3,4,4,0.25,-0.5,1,0,5,10,6,3,1,-7,0.5,1.0,1
0.25,1.0,0.0,0.25,1,0,0,1,4,3,4,4,-1.0,-0.5,0,0,6,8,1,4,-5,-4,0.5,1.0,1
1.0,0.75,0.0,0.25,1,0,0,1,4,2,4,4,-1.0,-0.25,0,1,16,6,4,3,-12,-3,0.5,1.0,1
2.5,1.75,0.75,0.5,0,2,3,2,0,2,4,4,0.75,0.0,1,0,4,5,10,7,6,2,0.5,1.0,2
1.5,1.75,0.75,0.5,0,0,3,2,1,1,4,4,0.5,0.25,0,1,1,5,6,7,5,2,0.5,1.0,0
0.0,1.25,0.0,0.5,0,1,0,2,3,1,4,4,-0.75,0.25,1,1,5,4,0,5,-5,1,0.5,1.0,2
2.5,2.25,1.0,0.5,1,0,4,2,0,2,4,4,1.0,0.0,0,0,1,7,10,9,9,2,0.5,1.0,1
2.25,0.75,0.5,0.5,0,0,2,2,1,2,4,4,0.25,0.0,1,0,9,6,9,3,0,-3,0.5,1.0,0
2.5,3.25,0.5,0.75,0,1,2,3,1,1,4,4,0.25,0.5,1,0,12,6,10,13,-2,7,0.5,1.0,2
1.75,0.5,0.25,0.25,1,0,1,1,1,2,4,4,0.0,-0.25,2,1,5,5,7,2,2,-3,0.5,1.0,1
0.8,2.4,0.2,1.0,0,1,1,5,4,0,5,5,-0.6000000000000001,1.0,0,0,9,1,4,12,-5,11,0.5,1.0,2
2.0,2.0,0.4,0.4,0,0,2,2,2,1,5,5,0.0,0.2,1,2,15,10,10,10,-5,0,0.5,1.0,0
1.8,2.0,0.6,0.4,1,0,3,2,1,1,5,5,0.39999999999999997,0.2,1,2,6,7,9,10,3,3,0.5,1.0,1
0.8,1.2,0.0,0.6,0,1,0,3,5,1,5,5,-1.0,0.39999999999999997,0,1,10,1,4,6,-6,5,0.5,1.0,2
2.2,1.8,0.6,0.4,0,1,3,2,0,3,5,5,0.6,-0.19999999999999996,2,0,1,9,11,9,10,0,0.5,1.0,2
2.2,1.4,0.6,0.8,1,0,3,4,1,0,5,5,0.39999999999999997,0.8,1,1,5,0,11,7,6,7,0.5,1.0,1
0.8,2.0,0.4,0.6,1,0,2,3,2,1,5,5,0.0,0.39999999999999997,1,1,7,7,4,10,-3,3,0.5,1.0,1
0.8,2.4,0.2,0.6,0,1,1,3,3,2,5,5,-0.39999999999999997,0.19999999999999996,1,0,8,7,4,12,-4,5,0.5,1.0,2
0.6,0.6,0.2,0.2,0,1,1,1,4,3,5,5,-0.6000000000000001,-0.39999999999999997,0,1,15,6,3,3,-12,-3,0.5,1.0,2
2.2,0.8,0.6,0.0,1,0,3,0,2,5,5,5,0.19999999999999996,-1.0,0,0,9,18,11,4,2,-14,0.5,1.0,1
1.4,0.4,0.6,0.2,1,0,3,1,1,4,5,5,0.39999999999999997,-0.6000000000000001,1,0,5,6,7,2,2,-4,0.5,1.0,1
0.8,0.4,0.2,0.0,1,0,1,0,3,5,5,5,-0.39999999999999997,-1.0,1,0,11,17,4,2,-7,-15,0.5,1.0,1
3.2,3.6,0.8,0.8,1,1,4,4,1,1,5,5,0.6000000000000001,0.6000000000000001,0,0,6,5,16,18,10,13,0.5,1.0,2
2.0,1.8,0.6,0.2,1,0,3,1,2,4,5,5,0.19999999999999996,-0.6000000000000001,0,0,8,17,10,9,2,-8,0.5,1.0,1
2.0,0.2,0.6,0.0,0,0,3,0,2,4,5,5,0.19999999999999996,-0.8,0,1,7,7,10,1,3,-6,0.5,1.0,0
1.6,2.4,0.6,0.6,1,0,3,3,1,1,5,5,0.39999999999999997,0.39999999999999997,1,1,2,7,8,12,6,5,0.5,1.0,1
1.4,2.6,0.4,0.4,1,0,2,2,1,1,5,5,0.2,0.2,2,2,5,7,7,13,2,6,0.5,1.0,1
2.0,1.0,0.4,0.2,1,0,2,1,2,3,5,5,0.0,-0.39999999999999997,1,1,13,14,10,5,-3,-9,0.5,1.0,1
2.0,1.2,0.4,0.6,1,0,2,3,2,1,5,5,0.0,0.39999999999999997,1,1,9,3,10,6,1,3,0.5,1.0,1
2.6,0.6,0.6,0.2,1,0,3,1,1,4,5,5,0.39999999999999997,-0.6000000000000001,1,0,4,7,13,3,9,-4,0.5,1.0,1
0.2,3.0,0.0,0.6,1,0,0,3,4,2,5,5,-0.8,0.19999999999999996,1,0,7,9,1,15,-6,6,0.5,1.0,1
0.8,1.6,0.0,0.4,0,1,0,2,5,2,5,5,-1.0,0.0,0,1,16,9,4,8,-12,-1,0.5,1.0,2
2.0,2.0,1.0,0.8,1,0,5,4,0,0,5,5,1.0,0.8,0,1,0,5,10,10,10,5,0.5,1.0,1
2.4,1.6,0.6,0.6,1,0,3,3,2,1,5,5,0.19999999999999996,0.39999999999999997,0,1,9,5,12,8,3,3,0.5,1.0,1
1.6,4.0,0.4,1.0,0,2,2,5,2,0,5,5,0.0,1.0,1,0,6,5,8,20,2,15,0.5,1.0,2
1.2,1.2,0.6,0.4,0,0,3,2,1,1,5,5,0.39999999999999997,0.2,1,2,5,4,6,6,1,2,0.5,1.0,0
1.8,1.8,0.2,0.4,0,1,1,2,4,1,5,5,-0.6000000000000001,0.2,0,2,17,5,9,9,-8,4,0.5,1.0,2
1.0,1.8,0.0,0.4,1,0,0,2,5,2,5,5,-1.0,0.0,0,1,11,9,5,9,-6,0,0.5,1.0,1
1.0,1.6,0.2,0.6,1,0,1,3,4,1,5,5,-0.6000000000000001,0.39999999999999997,0,1,13,5,5,8,-8,3,0.5,1.0,1
0.8,1.4,0.0,0.8,0,1,0,4,4,1,5,5,-0.8,0.6000000000000001,1,0,18,1,4,7,-14,6,0.5,1.0,2
1.0,2.6,0.2,0.4,1,0,1,2,3,2,5,5,-0.39999999999999997,0.0,1,1,6,9,5,13,-1,4,0.5,1.0,1
1.8,0.6,0.4,0.2,1,0,2,1,3,4,5,5,-0.19999999999999996,-0.6000000000000001,0,0,10,15,9,3,-1,-12,0.5,1.0,1
2.2,0.8,0.8,0.2,1,0,4,1,1,4,5,5,0.6000000000000001,-0.6000000000000001,0,0,6,9,11,4,5,-5,0.5,1.0,1
2.2,1.6,0.8,0.4,1,0,4,2,1,1,5,5,0.6000000000000001,0.2,0,2,2,6,11,8,9,2,0.5,1.0,1
1.0,0.6,0.2,0.0,1,0,1,0,1,5,5,5,0.0,-1.0,3,0,9,19,5,3,-4,-16,0.5,1.0,1
2.8,1.6,0.6,0.6,1,0,3,3,1,2,5,5,0.39999999999999997,0.19999999999999996,1,0,11,6,14,8,3,2,0.5,1.0,1
1.8,0.6,0.4,0.2,0,0,2,1,3,3,5,5,-0.19999999999999996,-0.39999999999999997,0,1,10,6,9,3,-1,-3,0.5,1.0,0
0.6,2.2,0.0,0.2,1,1,0,1,5,4,5,5,-1.0,-0.6000000000000001,0,0,15,16,3,11,-12,-5,0.5,1.0,2
1.0,1.0,0.4,0.4,1,0,2,2,2,0,5,5,0.0,0.4,1,3,4,2,5,5,1,3,0.5,1.0,1
0.4,2.4,0.2,0.8,0,1,1,4,4,1,5,5,-0.6000000000000001,0.6000000000000001,0,0,7,2,2,12,-5,10,0.5,1.0,2
0.8,2.8,0.4,0.6,0,1,2,3,2,2,5,5,0.0,0.19999999999999996,1,0,7,10,4,14,-3,4,0.5,1.0,2
0.6,1.0,0.2,0.2,1,0,1,1,4,4,5,5,-0.6000000000000001,-0.6000000000000001,0,0,11,9,3,5,-8,-4,0.5,1.0,1
2.0,1.8,0.6,0.4,0,1,3,2,2,2,5,5,0.19999999999999996,0.0,0,1,9,6,10,9,1,3,0.5,1.0,2
1.6,1.0,0.6,0.0,1,0,3,0,2,5,5,5,0.19999999999999996,-1.0,0,0,8,15,8,5,0,-10,0.5,1.0,1
1.8,1.4,0.4,0.4,1,0,2,2,3,3,5,5,-0.19999999999999996,-0.19999999999999996,0,0,10,10,9,7,-1,-3,0.5,1.0,1
4.0,3.0,1.0,0.6,0,0,5,3,0,1,5,5,1.0,0.39999999999999997,0,1,9,4,20,15,11,11,0.5,1.0,0
0.8,1.8,0.8,0.6,1,0,4,3,1,2,5,5,0.6000000000000001,0.19999999999999996,0,0,1,7,4,9,3,2,0.5,1.0,1
2.2,1.0,0.2,0.4,1,0,1,2,3,1,5,5,-0.39999999999999997,0.2,1,2,13,5,11,5,-2,0,0.5,1.0,1
1.6,0.6,0.4,0.0,1,0,2,0,2,5,5,5,0.0,-1.0,1,0,7,18,8,3,1,-15,0.5,1.0,1
0.6,1.6,0.2,0.2,0,1,1,1,1,3,5,5,0.0,-0.39999999999999997,3,1,2,11,3,8,1,-3,0.5,1.0,2
1.2,2.4,0.4,1.0,1,0,2,5,2,0,5,5,0.0,1.0,1,0,7,5,6,12,-1,7,0.5,1.0,1
2.0,2.8,0.6,0.6,1,0,3,3,1,1,5,5,0.39999999999999997,0.39999999999999997,1,1,7,9,10,14,3,5,0.5,1.0,1
2.2,2.0,0.6,1.0,1,0,3,5,1,0,5,5,0.39999999999999997,1.0,1,0,6,1,11,10,5,9,0.5,1.0,1
0.8,2.8,0.2,0.8,0,1,1,4,4,1,5,5,-0.6000000000000001,0.6000000000000001,0,0,16,6,4,14,-12,8,0.5,1.0,2
0.6,2.4,0.4,0.6,0,1,2,3,3,2,5,5,-0.19999999999999996,0.19999999999999996,0,0,9,6,3,12,-6,6,0.5,1.0,2
1.8,2.4,0.2,0.6,0,2,1,3,3,2,5,5,-0.39999999999999997,0.19999999999999996,1,0,14,8,9,12,-5,4,0.5,1.0,2
0.6,2.6,0.2,0.8,2,0,1,4,1,1,5,5,0.0,0.6000000000000001,3,0,3,7,3,13,0,6,0.5,1.0,1
1.6,2.0,0.2,0.6,0,1,1,3,3,2,5,5,-0.39999999999999997,0.19999999999999996,1,0,11,6,8,10,-3,4,0.5,1.0,2
1.0,3.4,0.4,0.6,1,0,2,3,1,1,5,5,0.2,0.39999999999999997,2,1,5,6,5,17,0,11,0.5,1.0,1
0.8,1.8,0.4,0.4,0,2,2,2,3,2,5,5,-0.19999999999999996,0.0,0,1,9,8,4,9,-5,1,0.5,1.0,2
1.4,2.0,0.4,0.8,0,1,2,4,1,1,5,5,0.2,0.6000000000000001,2,0,6,5,7,10,1,5,0.5,1.0,2
2.4,2.0,0.4,0.8,1,0,2,4,2,1,5,5,0.0,0.6000000000000001,1,0,14,6,12,10,-2,4,0.5,1.0,1
1.4,2.4,0.6,0.6,1,0,3,3,2,1,5,5,0.19999999999999996,0.39999999999999997,0,1,6,11,7,12,1,1,0.5,1.0,0
2.0,0.6,0.6,0.2,0,2,3,1,1,4,5,5,0.39999999999999997,-0.6000000000000001,1,0,7,10,10,3,3,-7,0.5,1.0,0
2.2,1.0,0.8,0.2,0,1,4,1,1,2,5,5,0.6000000000000001,-0.2,0,2,6,7,11,5,5,-2,0.5,1.0,0
3.2,1.2,0.4,0.4,1,1,2,2,2,1,5,5,0.0,0.2,1,2,8,6,16,6,8,0,0.5,1.0,2
2.4,0.8,0.6,0.0,0,1,3,0,2,4,5,5,0.19999999999999996,-0.8,0,1,6,13,12,4,6,-9,0.5,1.0,0
2.8,0.2,0.8,0.2,1,1,4,1,1,4,5,5,0.6000000000000001,-0.6000000000000001,0,0,4,11,14,1,10,-10,0.5,1.0,1
2.8,2.0,0.8,0.2,1,2,4,1,1,3,5,5,0.6000000000000001,-0.39999999999999997,0,1,7,13,14,10,7,-3,0.5,1.0,1
2.0,0.8,0.6,0.4,3,0,3,2,2,1,5,5,0.19999999999999996,0.2,0,2,9,3,10,4,1,1,0.5,1.0,1
1.6,1.4,0.6,0.4,1,1,3,2,1,2,5,5,0.39999999999999997,0.0,1,1,6,6,8,7,2,1,0.7,1.0,2
3.4,3.4,1.0,1.0,1,0,5,5,0,0,5,5,1.0,1.0,0,0,6,4,17,17,11,13,0.7,1.0,1
2.0,2.6,0.6,0.8,1,1,3,4,2,1,5,5,0.19999999999999996,0.6000000000000001,0,0,8,3,10,13,2,10,0.7,1.0,2
1.8,2.6,0.4,0.6,0,0,2,3,2,1,5,5,0.0,0.39999999999999997,1,1,6,7,9,13,3,6,0.7,1.0,0
2.0,1.2,0.6,0.8,0,1,3,4,1,1,5,5,0.39999999999999997,0.6000000000000001,1,0,9,1,10,6,1,5,0.7,1.0,2
4.2,2.2,1.0,0.8,0,1,5,4,0,1,5,5,1.0,0.6000000000000001,0,0,3,4,21,11,18,7,0.7,1.0,2
2.2,1.8,0.6,0.6,1,0,3,3,1,2,5,5,0.39999999999999997,0.19999999999999996,1,0,7,6,11,9,4,3,0.7,1.0,1
2.0,3.6,0.4,0.8,0,2,2,4,1,0,5,5,0.2,0.8,2,1,8,10,10,18,2,8,0.7,1.0,2
2.8,2.0,0.8,0.4,1,2,4,2,0,2,5,5,0.8,0.0,1,1,8,9,14,10,6,1,0.7,1.0,1
1.6,3.6,0.8,0.8,0,2,4,4,1,1,5,5,0.6000000000000001,0.6000000000000001,0,0,4,4,8,18,4,14,0.7,1.0,2
1.4,1.2,0.8,0.4,1,1,4,2,1,2,5,5,0.6000000000000001,0.0,0,1,1,9,7,6,6,-3,0.7,1.0,1
1.8,1.8,0.6,0.6,1,1,3,3,2,1,5,5,0.19999999999999996,0.39999999999999997,0,1,5,6,9,9,4,3,0.7,1.0,2
2.6,1.6,0.6,0.4,0,1,3,2,1,1,5,5,0.39999999999999997,0.2,1,2,7,4,13,8,6,4,0.7,1.0,2
2.0,1.4,0.6,0.4,2,1,3,2,1,2,5,5,0.39999999999999997,0.0,1,1,6,8,10,7,4,-1,0.7,1.0,1
3.2,3.2,0.8,1.0,1,1,4,5,1,0,5,5,0.6000000000000001,1.0,0,0,5,5,16,16,11,11,0.7,1.0,2
4.0,2.2,1.0,0.6,1,1,5,3,0,2,5,5,1.0,0.19999999999999996,0,0,3,14,20,11,17,-3,0.7,1.0,0
3.4,3.0,0.8,1.0,1,0,4,5,0,0,5,5,0.8,1.0,1,0,4,7,17,15,13,8,0.8,1.0,1
2.2,1.6,0.8,0.8,0,1,4,4,0,1,5,5,0.8,0.6000000000000001,1,0,3,2,11,8,8,6,0.8,1.0,2
3.8,2.6,0.8,0.8,1,0,4,4,1,1,5,5,0.6000000000000001,0.6000000000000001,0,0,3,6,19,13,16,7,0.8,1.0,1
2.8,1.8,0.8,0.6,1,1,4,3,0,0,5,5,0.8,0.6,1,2,9,3,14,9,5,6,0.8,1.0,1
2.2,3.6,0.6,0.8,2,0,3,4,2,1,5,5,0.19999999999999996,0.6000000000000001,0,0,7,3,11,18,4,15,0.8,1.0,1
1.2,3.0,0.4,0.8,2,1,2,4,1,0,5,5,0.2,0.8,2,1,6,7,6,15,0,8,0.8,1.0,1
2.4,3.4,0.8,0.8,1,1,4,4,1,0,5,5,0.6000000000000001,0.8,0,1,10,4,12,17,2,13,0.8,1.0,2
2.0,1.8,1.0,0.6,0,1,5,3,0,1,5,5,1.0,0.39999999999999997,0,1,2,4,10,9,8,5,0.8,1.0,0
3.2,3.4,0.8,0.6,1,1,4,3,0,2,5,5,0.8,0.19999999999999996,1,0,5,6,16,17,11,11,0.9,1.0,2
2.2,2.2,0.6,0.8,0,0,3,4,1,0,5,5,0.39999999999999997,0.8,1,1,6,4,11,11,5,7,0.9,1.0,0
2.2,2.4,0.6,0.6,1,0,3,3,0,1,5,5,0.6,0.39999999999999997,2,1,7,7,11,12,4,5,0.9,1.0,1
2.2,2.8,0.6,0.6,2,1,3,3,2,1,5,5,0.19999999999999996,0.39999999999999997,0,1,6,5,11,14,5,9,0.9,1.0,1
